N,agent,mode,tau,K,w_hat_mean,wall_ms_mean,offers_seen_mean,solver_calls_mean,seeds,w_hat_lo,w_hat_hi,label
50,satisficer,k_greedy,,3,0.48872660833333337,0.0028255833333333336,0.8694444444444445,0.0,5,0.4537303111111111,0.5262389380902777,book
50,satisficer,k_greedy,,5,0.5568948548611111,0.002901736111111111,1.1845277777777778,0.0,5,0.5086108095312499,0.5877447027777777,book
100,satisficer,k_greedy,,3,0.4916060333333333,0.004965041666666666,0.8457013888888889,0.0,5,0.46177629428819444,0.5194648097222221,book
100,satisficer,k_greedy,,5,0.567360629861111,0.005188131944444444,1.2108124999999998,0.0,5,0.5189631527083333,0.5995837673611112,book
100,satisficer,k_greedy,,5,0.3703195097222222,0.0017466250000000003,0.2944097222222222,0.0,5,0.35584702951388886,0.3827462305555555,ticker
200,satisficer,k_greedy,,3,0.5200991486111111,0.009395940972222221,0.8619652777777779,0.0,5,0.4984684304687499,0.5417149145833333,book
200,satisficer,k_greedy,,5,0.611732070138889,0.009676180555555556,1.2938506944444446,0.0,5,0.5839043659722222,0.6343230722222223,book
200,satisficer,k_greedy,,3,0.3845434743055555,0.0023336354166666666,0.2995902777777778,0.0,5,0.37533260625000003,0.39238579791666667,ticker
500,satisficer,k_greedy,,3,0.5329227076388888,0.020387154166666668,0.8643652777777777,0.0,5,0.5203074953124999,0.5455181104166666,book
500,satisficer,k_greedy,,5,0.6324209840277778,0.021512244444444446,1.3202125,0.0,5,0.6209941555555556,0.6421051993055554,book
500,satisficer,k_greedy,,1,0.39507923680555557,0.0031434041666666664,0.3009805555555556,0.0,5,0.38394401319444443,0.40329696322916664,ticker
